Iteration,Stagnation counter,Current Loss,Best Global Loss,Temperature,Mutation type,Accepted,Local improvement,Global improvement,Stagnated,mutateStrokes time,render time,computeLoss time,minimizeColorError time,Iteration Time
0,0,0.0584869,0.0584869,inf,move,1,0,143,0,52,2549,65,0,3772
1,1,0.0585197,0.0584869,inf,rotate,1,1,143,0,36,2541,66,0,2746
2,2,0.058504,0.0584869,0.0014427,move,1,0,143,0,16,2551,65,0,2704
3,3,0.0585048,0.0584869,0.000910239,rotate,1,1,1,0,31,2564,65,0,2866
4,0,0.0571464,0.0571464,0.000721348,rotate,1,0,1,0,21,2571,68,0,2734
5,1,0.0571465,0.0571464,0.000621335,rotate,1,0,1,0,19,2575,66,0,2748
6,2,0.0571468,0.0571464,0.000558111,change_color,1,0,1,0,1,2564,65,0,2702
7,3,0.0571755,0.0571464,0.000513898,rotate,1,0,1,0,31,2557,66,0,2738
8,4,0.058146,0.0571464,0.000480898,rotate,0,0,1,0,27,2534,65,0,2765
9,5,0.058146,0.0571464,0.00045512,swap_strokes,1,0,1,0,1,2565,65,0,2710
10,6,0.0581952,0.0571464,0.000434294,change_color,1,0,1,0,0,2545,66,0,2682
11,7,0.0582057,0.0571464,0.000417032,swap_strokes,1,1,1,0,0,2536,70,0,2787
12,0,0.0570923,0.0570923,0.00040243,rotate,1,0,1,0,23,2548,65,0,2708
13,1,0.0574167,0.0570923,0.000389871,move,1,1,1,0,27,2553,65,0,2714
14,2,0.0574115,0.0570923,0.000378923,move,1,1,1,0,37,2570,65,0,2750
15,3,0.0574113,0.0570923,0.000369269,move,1,1,1,0,27,2546,69,0,2850
16,0,0.0567351,0.0567351,0.000360674,resize,1,0,1,0,29,2552,81,0,2737
17,1,0.0569679,0.0567351,0.000352956,swap_strokes,0,0,1,0,1,2676,65,0,2946
18,2,0.0569679,0.0567351,0.000345976,swap_strokes,1,0,1,0,1,2554,66,0,2727
19,3,0.0569875,0.0567351,0.000339623,move,1,0,1,0,22,2586,65,0,2794
20,4,0.0569878,0.0567351,0.000333808,rotate,0,0,1,0,29,2551,65,0,2843
21,5,0.0569878,0.0567351,0.000328459,rotate,1,1,1,0,26,2638,72,0,2832
22,6,0.0569875,0.0567351,0.000323515,rotate,1,1,1,0,30,2544,65,0,2949
23,0,0.0567187,0.0567187,0.000318929,move,0,1,1,0,33,2540,65,0,2813
24,1,0.0567187,0.0567187,0.000314658,move,0,1,1,0,28,2550,65,0,2782
25,2,0.0567187,0.0567187,0.000310667,swap_strokes,0,1,1,0,1,2667,65,0,2913
26,3,0.0567187,0.0567187,0.000306928,move,1,1,1,0,29,2564,65,0,2964
27,0,0.0567174,0.0567174,0.000303413,move,0,1,1,0,69,2594,65,0,3053
28,1,0.0567174,0.0567174,0.000300102,move,1,0,1,0,23,2718,67,0,2889
29,2,0.0567293,0.0567174,0.000296974,rotate,0,0,1,0,34,2837,66,0,3210
30,3,0.0567293,0.0567174,0.000294014,move,1,1,1,0,36,2555,65,0,2903
31,0,0.0563434,0.0563434,0.000291207,rotate,1,0,1,0,35,2554,65,0,2749
32,1,0.0563651,0.0563434,0.000288539,move,1,0,1,0,18,2534,71,0,2697
33,2,0.0563701,0.0563434,0.000286,rotate,1,1,1,0,30,3224,65,0,3396
34,3,0.0563698,0.0563434,0.000283578,swap_strokes,1,1,1,0,3,3350,72,0,3600
35,4,0.056369,0.0563434,0.000281266,rotate,0,1,1,0,28,2601,65,0,2977
36,5,0.056369,0.0563434,0.000279055,move,0,1,1,0,31,2535,65,0,2777
37,6,0.056369,0.0563434,0.000276938,resize,1,1,1,0,23,2558,65,0,2719
38,7,0.0563687,0.0563434,0.000274908,move,1,1,1,0,38,2560,65,0,2791
39,8,0.0563681,0.0563434,0.000272958,swap_strokes,1,1,1,0,1,2534,69,0,2849
40,0,0.0562751,0.0562751,0.000271085,move,1,0,1,0,36,2542,65,0,2723
41,1,0.0565852,0.0562751,0.000269283,rotate,1,0,1,0,22,2597,65,0,2756
42,2,0.0565885,0.0562751,0.000267546,swap_strokes,1,0,1,0,1,2583,66,0,2725
43,3,0.0565885,0.0562751,0.000265873,rotate,1,1,1,0,29,2550,65,0,2732
44,4,0.0565871,0.0562751,0.000264257,swap_strokes,0,1,1,0,0,2567,65,0,2791
45,5,0.0565871,0.0562751,0.000262697,resize,1,0,1,0,61,2543,65,0,2742
46,6,0.0565871,0.0562751,0.000261189,swap_strokes,0,0,1,0,0,2579,65,0,2789
47,7,0.0565871,0.0562751,0.00025973,move,0,0,1,0,28,2586,65,0,2842
48,8,0.0565871,0.0562751,0.000258318,swap_strokes,1,0,1,0,1,2534,65,0,2675
49,9,0.0565891,0.0562751,0.000256949,resize,1,1,1,0,20,2536,65,0,2696
50,10,0.0565797,0.0562751,0.000255622,rotate,0,1,1,0,24,2597,65,0,2830
51,11,0.0565797,0.0562751,0.000254335,rotate,1,0,1,0,27,2558,65,0,2723
52,12,0.0565886,0.0562751,0.000253085,swap_strokes,1,0,1,0,0,2537,66,0,2684
53,13,0.0568764,0.0562751,0.000251871,change_color,1,0,1,0,1,2582,65,0,2725
54,14,0.0569027,0.0562751,0.00025069,move,1,0,1,0,23,2550,65,0,2712
55,15,0.0569029,0.0562751,0.000249543,rotate,1,1,1,0,27,2533,82,0,2711
56,16,0.0568929,0.0562751,0.000248426,rotate,1,1,1,0,25,2537,65,0,2697
57,17,0.0568901,0.0562751,0.000247338,resize,1,0,1,0,53,2551,65,0,2756
58,18,0.056894,0.0562751,0.000246279,move,1,0,1,0,26,2541,65,0,2706
59,19,0.0568991,0.0562751,0.000245246,move,0,0,1,0,25,2547,66,0,2784
60,20,0.0568991,0.0562751,0.000244239,swap_strokes,1,0,1,0,1,2534,65,0,2672
61,21,0.0570183,0.0562751,0.000243257,rotate,0,0,1,0,26,2575,65,0,2822
62,22,0.0570183,0.0562751,0.000242299,move,0,0,1,0,28,2540,65,0,2796
63,23,0.0570183,0.0562751,0.000241363,swap_strokes,0,0,1,0,1,2547,77,0,2771
64,24,0.0570183,0.0562751,0.000240449,move,1,0,1,0,21,2546,65,0,2704
65,25,0.0570235,0.0562751,0.000239556,move,1,0,1,0,26,2540,65,0,2702
66,26,0.0570386,0.0562751,0.000238683,move,1,0,1,0,19,2630,65,0,2787
67,27,0.0570633,0.0562751,0.00023783,move,1,1,1,0,33,2540,77,0,2759
68,28,0.0570624,0.0562751,0.000236994,move,1,0,1,0,28,2541,65,0,2715
69,29,0.0571014,0.0562751,0.000236177,resize,1,0,1,0,13,2576,65,0,2725
70,30,0.0571014,0.0562751,0.000235377,rotate,1,1,1,0,22,2542,65,0,2849
71,0,0.055765,0.055765,0.000234594,move,0,1,1,0,28,2539,69,0,2792
72,1,0.055765,0.055765,0.000233827,rotate,1,0,1,0,25,2547,66,0,2712
73,2,0.0557778,0.055765,0.000233075,resize,1,1,1,0,41,2538,66,0,2716
74,3,0.0557775,0.055765,0.000232338,resize,1,1,1,0,49,2541,65,0,2726
75,4,0.055773,0.055765,0.000231616,move,1,0,1,0,24,2552,70,0,2719
76,5,0.0558746,0.055765,0.000230908,move,0,0,1,0,23,2588,65,0,2838
77,6,0.0558746,0.055765,0.000230213,change_color,1,0,1,0,1,2554,65,0,2695
78,7,0.0559892,0.055765,0.000229531,move,0,0,1,0,27,2586,65,0,2820
79,8,0.0559892,0.055765,0.000228862,move,1,0,1,0,27,2589,65,0,2753
80,9,0.0559969,0.055765,0.000228205,rotate,1,0,1,0,25,2564,65,0,2760
81,10,0.0559972,0.055765,0.00022756,move,1,0,1,0,30,2605,67,0,2861
82,11,0.0560094,0.055765,0.000226926,rotate,1,1,1,0,27,2789,65,0,3054
83,12,0.0559888,0.055765,0.000226304,move,0,1,1,0,37,2575,66,0,3038
84,13,0.0559888,0.055765,0.000225692,rotate,0,1,1,0,44,2565,66,0,2902
85,14,0.0559888,0.055765,0.000225091,swap_strokes,1,0,1,0,2,2870,66,0,3019
86,15,0.0559888,0.055765,0.0002245,swap_strokes,1,0,1,0,1,2888,96,0,3083
87,16,0.0559888,0.055765,0.000223919,move,1,1,1,0,24,3573,80,0,3883
88,17,0.0559868,0.055765,0.000223347,move,1,1,1,0,36,2873,66,0,3180
89,18,0.0559862,0.055765,0.000222785,swap_strokes,1,1,1,0,3,3835,91,0,4227
90,19,0.0559862,0.055765,0.000222232,swap_strokes,1,0,1,0,5,4065,90,0,4419
91,20,0.0559864,0.055765,0.000221687,move,1,0,1,0,39,2974,74,0,3361
92,21,0.0559872,0.055765,0.000221151,rotate,0,0,1,0,38,2551,65,0,3023
93,22,0.0559872,0.055765,0.000220624,rotate,1,0,1,0,43,2655,65,0,2874
94,23,0.0559887,0.055765,0.000220105,move,1,1,1,0,23,2667,66,0,2882
95,24,0.0559883,0.055765,0.000219593,swap_strokes,1,0,1,0,2,2547,65,0,2743
96,25,0.0559894,0.055765,0.000219089,rotate,0,0,1,0,37,3045,66,0,3353
97,26,0.0559894,0.055765,0.000218593,swap_strokes,1,1,1,0,1,2748,66,0,2906
98,27,0.0559583,0.055765,0.000218104,move,1,0,1,0,30,2550,65,0,2862
99,28,0.0560453,0.055765,0.000217622,change_color,1,0,1,0,1,2601,65,0,2843
100,29,0.0560455,0.055765,0.000217147,rotate,1,0,1,0,26,2686,65,0,2922
101,30,0.0564919,0.055765,0.000216679,rotate,1,0,1,0,28,2564,65,0,2774
102,31,0.0564936,0.055765,0.000216217,move,0,0,1,0,47,2593,73,0,2913
103,32,0.0564936,0.055765,0.000215762,resize,0,0,1,0,17,2537,66,0,2789
104,33,0.0564936,0.055765,0.000215313,resize,1,1,1,0,16,2640,75,0,2821
105,34,0.0564887,0.055765,0.000214871,resize,1,1,1,0,72,2561,66,0,2853
106,35,0.056487,0.055765,0.000214434,move,1,0,1,0,18,2542,66,0,2753
107,36,0.0564884,0.055765,0.000214003,rotate,1,1,1,0,27,2557,65,0,2749
108,37,0.0564863,0.055765,0.000213578,move,0,1,1,0,23,2564,65,0,2816
109,38,0.0564863,0.055765,0.000213158,resize,1,0,1,0,13,2626,65,0,2785
110,39,0.0564882,0.055765,0.000212744,rotate,1,1,1,0,17,2541,65,0,2697
111,40,0.056469,0.055765,0.000212335,resize,1,0,1,0,26,2636,65,0,2800
112,41,0.0564695,0.055765,0.000211932,resize,1,0,1,0,19,2600,65,0,2791
113,42,0.0564695,0.055765,0.000211533,resize,1,0,1,0,13,2539,65,0,2722
114,43,0.0564722,0.055765,0.00021114,move,1,0,1,0,7,2551,65,0,2700
115,44,0.0564725,0.055765,0.000210751,resize,1,0,1,0,23,2551,65,0,2710
116,45,0.0564726,0.055765,0.000210367,rotate,0,0,1,0,24,2550,65,0,2811
117,46,0.0564726,0.055765,0.000209988,move,1,0,1,0,22,2539,65,0,2706
118,47,0.0564731,0.055765,0.000209614,rotate,1,0,1,0,20,2552,65,0,2711
119,48,0.0564732,0.055765,0.000209243,move,1,1,1,0,34,2541,66,0,2713
120,49,0.0564117,0.055765,0.000208878,swap_strokes,1,0,1,0,1,2533,65,0,2671
121,50,0.0570179,0.055765,0.000208516,change_color,0,0,1,0,0,2575,65,0,2800
122,51,0.0570179,0.055765,0.000208159,rotate,1,1,1,0,29,2555,66,0,2750
123,52,0.0567362,0.055765,0.000207806,swap_strokes,1,0,1,0,0,2571,65,0,2708
124,53,0.0567629,0.055765,0.000207457,move,1,0,1,0,20,2549,65,0,2706
125,54,0.0567629,0.055765,0.000207112,move,1,1,1,0,27,2660,65,0,2823
126,55,0.0567573,0.055765,0.00020677,resize,1,0,1,0,20,2550,65,0,2711
127,56,0.0567573,0.055765,0.000206433,rotate,1,0,1,0,30,2552,65,0,2734
128,57,0.0567588,0.055765,0.000206099,move,0,0,1,0,32,2541,65,0,2801
129,58,0.0567588,0.055765,0.000205769,rotate,1,0,1,0,31,2534,65,0,2703
130,59,0.0567742,0.055765,0.000205443,swap_strokes,1,0,1,0,1,2555,65,0,2691
131,60,0.0567962,0.055765,0.00020512,move,1,1,1,0,33,2639,66,0,2815
132,61,0.0558141,0.055765,0.0002048,move,1,0,1,0,17,2595,65,0,2815
133,62,0.0558178,0.055765,0.000204484,swap_strokes,1,0,1,0,1,2548,65,0,2751
134,63,0.0558178,0.055765,0.000204172,move,0,0,1,0,34,2538,65,0,2786
135,64,0.0558178,0.055765,0.000203862,rotate,1,1,1,0,23,2538,65,0,2894
136,0,0.0557095,0.0557095,0.000203556,resize,1,0,1,0,39,2561,65,0,2749
137,1,0.0557297,0.0557095,0.000203253,move,1,0,1,0,31,2534,65,0,2710
138,2,0.0557303,0.0557095,0.000202953,move,1,1,1,0,18,2538,65,0,2695
139,3,0.0557262,0.0557095,0.000202656,rotate,1,1,1,0,29,2571,65,0,2736
140,4,0.0557261,0.0557095,0.000202362,resize,0,1,1,0,40,2679,65,0,2963
141,5,0.0557261,0.0557095,0.000202071,swap_strokes,1,1,1,0,2,2548,66,0,2879
142,0,0.0556098,0.0556098,0.000201783,resize,1,0,1,0,32,2546,65,0,2729
143,1,0.0556098,0.0556098,0.000201497,move,1,1,1,0,40,2551,66,0,2822
144,0,0.0554575,0.0554575,0.000201215,swap_strokes,1,1,1,0,0,2547,65,0,2766
145,0,0.0554163,0.0554163,0.000200935,move,1,0,1,0,15,2625,66,0,2780
146,1,0.0554163,0.0554163,0.000200658,move,1,1,1,0,49,2543,69,0,2902
147,0,0.0553615,0.0553615,0.000200383,swap_strokes,0,1,1,0,1,2575,66,0,2810
148,1,0.0553615,0.0553615,0.000200112,rotate,1,0,1,0,19,2545,65,0,2710
149,2,0.0553617,0.0553615,0.000199842,move,1,1,1,0,41,2539,65,0,2816
150,0,0.0553537,0.0553537,0.000199576,move,1,1,1,0,23,2562,65,0,2843
151,0,0.055351,0.055351,0.000199311,move,1,0,1,0,18,2608,65,0,2790
152,1,0.0553551,0.055351,0.000199049,rotate,1,0,1,0,19,2537,65,0,2705
153,2,0.0553585,0.055351,0.00019879,swap_strokes,0,0,1,0,1,2541,65,0,2748
154,3,0.0553585,0.055351,0.000198533,move,1,1,1,0,12,2557,65,0,2706
155,4,0.0553554,0.055351,0.000198278,rotate,1,0,1,0,43,2641,65,0,2832
156,5,0.055639,0.055351,0.000198025,rotate,0,0,1,0,26,2535,66,0,2799
157,6,0.055639,0.055351,0.000197775,move,1,0,1,0,19,2567,66,0,2730
158,7,0.0556408,0.055351,0.000197527,resize,1,0,1,0,14,2644,65,0,2796
159,8,0.0556455,0.055351,0.000197281,rotate,1,0,1,0,30,2546,65,0,2730
160,9,0.0556488,0.055351,0.000197038,move,1,1,1,0,28,2535,65,0,2714
161,10,0.055635,0.055351,0.000196796,move,1,0,1,0,55,2544,65,0,2753
162,11,0.0556381,0.055351,0.000196556,rotate,1,1,1,0,31,2537,65,0,2709
163,12,0.0556373,0.055351,0.000196319,move,0,1,1,0,36,2537,65,0,2778
164,13,0.0556373,0.055351,0.000196084,move,1,1,1,0,28,2551,65,0,2716
165,14,0.0556351,0.055351,0.00019585,rotate,1,0,1,0,19,2539,65,0,2710
166,15,0.0556359,0.055351,0.000195619,resize,1,0,1,0,26,2550,65,0,2716
167,16,0.0556362,0.055351,0.000195389,rotate,1,1,1,0,25,2541,69,0,2707
168,17,0.0556259,0.055351,0.000195161,change_color,1,0,1,0,0,2545,65,0,2682
169,18,0.0556586,0.055351,0.000194936,move,1,0,1,0,27,2554,65,0,2716
170,19,0.0556639,0.055351,0.000194712,swap_strokes,1,1,1,0,1,2543,65,0,2685
171,20,0.0556628,0.055351,0.00019449,move,1,0,1,0,18,2621,65,0,2784
172,21,0.0556629,0.055351,0.000194269,resize,1,1,1,0,49,2547,66,0,2749
173,22,0.0556546,0.055351,0.000194051,swap_strokes,0,1,1,0,1,2542,65,0,2768
174,23,0.0556546,0.055351,0.000193834,move,1,0,1,0,18,2585,66,0,2752
175,24,0.0556551,0.055351,0.000193619,resize,0,0,1,0,42,2580,81,0,2953
176,25,0.0556551,0.055351,0.000193406,resize,1,0,1,0,17,2568,66,0,2733
177,26,0.0556566,0.055351,0.000193194,resize,1,1,1,0,54,2575,65,0,2797
178,27,0.0556337,0.055351,0.000192984,resize,1,1,1,0,34,2570,66,0,2753
179,28,0.0556197,0.055351,0.000192775,move,0,1,1,0,38,2566,65,0,2823
180,29,0.0556197,0.055351,0.000192569,resize,1,1,1,0,31,2543,65,0,2713
181,30,0.0556195,0.055351,0.000192363,swap_strokes,1,1,1,0,1,2536,65,0,2695
182,31,0.0556193,0.055351,0.00019216,move,0,1,1,0,54,2569,65,0,2830
183,32,0.0556193,0.055351,0.000191958,rotate,0,1,1,0,45,2598,65,0,2857
184,33,0.0556193,0.055351,0.000191757,rotate,1,1,1,0,15,2587,66,0,2748
185,34,0.055618,0.055351,0.000191558,move,1,1,1,0,30,2556,66,0,2732
186,35,0.0555705,0.055351,0.00019136,rotate,1,1,1,0,28,2612,65,0,2780
187,36,0.0554434,0.055351,0.000191164,move,0,1,1,0,43,2562,65,0,2834
188,37,0.0554434,0.055351,0.000190969,move,1,0,1,0,29,2539,65,0,2705
189,38,0.0554535,0.055351,0.000190776,swap_strokes,1,1,1,0,1,2566,65,0,2876
190,0,0.0547224,0.0547224,0.000190584,resize,1,0,1,0,15,2536,66,0,2729
191,1,0.0547225,0.0547224,0.000190394,change_color,1,0,1,0,0,2537,65,0,2677
192,2,0.0547474,0.0547224,0.000190205,resize,1,1,1,0,42,2550,66,0,2728
193,3,0.0547408,0.0547224,0.000190017,resize,1,0,1,0,26,2578,65,0,2740
194,4,0.0547483,0.0547224,0.00018983,rotate,1,0,1,0,26,2539,65,0,2728
195,5,0.0547503,0.0547224,0.000189645,rotate,1,1,1,0,24,2565,65,0,2736
196,6,0.0547482,0.0547224,0.000189462,resize,1,1,1,0,26,2537,65,0,2700
197,7,0.0547479,0.0547224,0.000189279,move,1,0,1,0,26,2550,65,0,2711
198,8,0.0547486,0.0547224,0.000189098,rotate,1,0,1,0,20,2543,66,0,2699
199,9,0.0547532,0.0547224,0.000188918,rotate,1,1,1,0,27,2542,65,0,2718
200,10,0.0547503,0.0547224,0.000188739,move,1,1,1,0,28,2546,67,0,2749
201,11,0.0547477,0.0547224,0.000188562,rotate,1,1,1,0,41,2544,65,0,2870
202,0,0.054247,0.054247,0.000188385,resize,1,0,1,0,22,2628,66,0,2793
203,1,0.0542514,0.054247,0.00018821,move,0,0,1,0,37,2566,66,0,2944
204,2,0.0542514,0.054247,0.000188036,rotate,1,1,1,0,14,2558,67,0,2746
205,3,0.0542504,0.054247,0.000187864,rotate,1,0,1,0,26,2571,66,0,2813
206,4,0.054327,0.054247,0.000187692,move,1,0,1,0,30,2549,66,0,2776
207,5,0.0545946,0.054247,0.000187522,resize,1,0,1,0,16,2548,65,0,2735
208,6,0.0546342,0.054247,0.000187352,resize,1,1,1,0,21,2559,66,0,2759
209,7,0.0545279,0.054247,0.000187184,resize,1,1,1,0,19,2553,66,0,2732
210,8,0.054525,0.054247,0.000187017,swap_strokes,0,1,1,0,1,2547,65,0,2814
211,9,0.054525,0.054247,0.000186851,change_color,1,0,1,0,1,2574,65,0,2726
212,10,0.0545591,0.054247,0.000186686,rotate,1,1,1,0,32,2579,65,0,2766
213,11,0.0545582,0.054247,0.000186522,move,1,0,1,0,39,2574,65,0,2785
214,12,0.0545598,0.054247,0.000186359,move,1,0,1,0,31,2571,66,0,2799
215,13,0.0545665,0.054247,0.000186198,move,1,0,1,0,38,2537,65,0,2754
216,14,0.0545691,0.054247,0.000186037,swap_strokes,0,0,1,0,1,2561,65,0,2779
217,15,0.0545691,0.054247,0.000185877,change_color,1,0,1,0,0,2606,66,0,2744
218,16,0.0547033,0.054247,0.000185718,resize,0,0,1,0,18,2578,65,0,2846
219,17,0.0547033,0.054247,0.000185561,move,1,1,1,0,21,2553,65,0,2723
220,18,0.0547029,0.054247,0.000185404,rotate,1,0,1,0,30,2541,65,0,2721
221,19,0.054801,0.054247,0.000185248,swap_strokes,1,0,1,0,1,2539,65,0,2676
222,20,0.054801,0.054247,0.000185093,move,1,1,1,0,29,2552,65,0,2715
223,21,0.0547626,0.054247,0.00018494,resize,1,0,1,0,15,2536,65,0,2699
224,22,0.0547631,0.054247,0.000184787,move,1,1,1,0,32,2540,65,0,2718
225,23,0.0547465,0.054247,0.000184635,swap_strokes,1,0,1,0,0,2550,65,0,2689
226,24,0.0547479,0.054247,0.000184484,resize,1,1,1,0,15,2546,65,0,2696
227,25,0.054746,0.054247,0.000184334,move,0,1,1,0,53,2562,65,0,2859
228,26,0.054746,0.054247,0.000184184,move,1,0,1,0,16,2554,65,0,2735
229,27,0.0547523,0.054247,0.000184036,resize,1,1,1,0,28,2571,65,0,2759
230,28,0.054691,0.054247,0.000183888,rotate,0,1,1,0,31,2535,76,0,2797
231,29,0.054691,0.054247,0.000183742,move,1,1,1,0,16,2547,65,0,2700
232,30,0.0546901,0.054247,0.000183596,swap_strokes,1,1,1,0,1,2560,65,0,2696
233,31,0.0545344,0.054247,0.000183451,rotate,1,0,1,0,19,2633,79,0,2825
234,32,0.0545354,0.054247,0.000183307,change_color,1,0,1,0,1,3478,104,0,3735
235,33,0.0545955,0.054247,0.000183164,resize,1,1,1,0,24,2900,65,0,3133
236,34,0.0545952,0.054247,0.000183022,change_color,1,0,1,0,1,2547,65,0,2725
237,35,0.054623,0.054247,0.00018288,move,1,1,1,0,24,2552,65,0,2768
238,36,0.0546202,0.054247,0.00018274,resize,1,0,1,0,45,2537,65,0,2753
239,37,0.0546292,0.054247,0.0001826,swap_strokes,1,1,1,0,1,2537,65,0,2685
240,38,0.054627,0.054247,0.00018246,move,1,0,1,0,24,2559,66,0,2721
241,39,0.0546689,0.054247,0.000182322,move,1,1,1,0,18,2538,66,0,2693
242,40,0.0546638,0.054247,0.000182185,resize,1,0,1,0,7,2581,65,0,2734
243,41,0.054675,0.054247,0.000182048,move,0,0,1,0,34,2535,71,0,2824
244,42,0.054675,0.054247,0.000181912,rotate,1,0,1,0,28,2552,65,0,2720
245,43,0.0546769,0.054247,0.000181777,swap_strokes,1,0,1,0,0,2536,65,0,2673
246,44,0.0546781,0.054247,0.000181642,resize,1,1,1,0,27,2638,66,0,2803
247,45,0.0546772,0.054247,0.000181508,change_color,1,1,1,0,1,2650,65,0,2834
248,46,0.0546755,0.054247,0.000181375,resize,1,1,1,0,28,2553,66,0,2752
249,47,0.0546555,0.054247,0.000181243,move,1,1,1,0,34,2536,65,0,2748
250,48,0.0546531,0.054247,0.000181111,rotate,1,0,1,0,27,2541,65,0,2730
251,49,0.0546536,0.054247,0.000180981,move,0,0,1,0,21,2539,65,0,2885
252,50,0.0546536,0.054247,0.000180851,rotate,1,1,1,0,40,2533,69,0,2732
253,51,0.0545189,0.054247,0.000180721,move,0,1,1,0,21,2533,65,0,2783
254,52,0.0545189,0.054247,0.000180592,rotate,1,0,1,0,22,2576,65,0,2736
255,53,0.0545197,0.054247,0.000180464,move,0,0,1,0,31,2544,65,0,2792
256,54,0.0545197,0.054247,0.000180337,rotate,1,1,1,0,26,2539,65,0,2715
257,55,0.0543696,0.054247,0.00018021,rotate,1,0,1,0,28,2537,66,0,2723
258,56,0.0545526,0.054247,0.000180084,rotate,0,0,1,0,20,2537,65,0,2770
259,57,0.0545526,0.054247,0.000179959,move,1,1,1,0,39,2563,65,0,2887
260,0,0.0541905,0.0541905,0.000179834,resize,0,1,1,0,20,2570,65,0,2819
261,1,0.0541905,0.0541905,0.00017971,resize,1,1,1,0,52,2549,71,0,2979
262,0,0.0540086,0.0540086,0.000179587,move,1,1,1,0,34,2545,70,0,2857
263,0,0.053923,0.053923,0.000179464,move,1,1,1,0,31,2561,66,0,2823
264,0,0.0530007,0.0530007,0.000179342,resize,1,1,1,0,22,2534,66,0,2779
265,0,0.0529979,0.0529979,0.00017922,rotate,0,1,1,0,29,2540,65,0,2826
266,1,0.0529979,0.0529979,0.000179099,move,0,1,1,0,28,2539,65,0,2781
267,2,0.0529979,0.0529979,0.000178979,rotate,1,1,1,0,26,2546,69,0,2827
268,0,0.0529972,0.0529972,0.000178859,move,1,0,1,0,20,2546,65,0,2704
269,1,0.0530082,0.0529972,0.00017874,resize,1,0,1,0,13,2550,65,0,2699
270,2,0.0530276,0.0529972,0.000178622,move,1,0,1,0,26,2549,66,0,2712
271,3,0.0530309,0.0529972,0.000178504,move,1,0,1,0,15,2539,70,0,2718
272,4,0.0530318,0.0529972,0.000178387,rotate,1,1,1,0,21,2533,66,0,2698
273,5,0.053031,0.0529972,0.00017827,resize,1,1,1,0,21,2552,65,0,2710
274,6,0.0530303,0.0529972,0.000178154,resize,1,0,1,0,13,2558,65,0,2713
275,7,0.0530305,0.0529972,0.000178038,move,1,1,1,0,25,2548,66,0,2719
276,8,0.0530303,0.0529972,0.000177923,move,1,1,1,0,31,2540,65,0,2733
277,9,0.0530267,0.0529972,0.000177809,resize,0,1,1,0,27,2537,65,0,2781
278,10,0.0530267,0.0529972,0.000177695,rotate,1,0,1,0,17,2604,65,0,2763
279,11,0.0530268,0.0529972,0.000177582,swap_strokes,1,1,1,0,3,2555,75,0,3070
280,0,0.0525115,0.0525115,0.000177469,move,1,0,1,0,42,2544,71,0,2814
281,1,0.0528066,0.0525115,0.000177357,rotate,0,0,1,0,25,2554,65,0,2998
282,2,0.0528066,0.0525115,0.000177245,move,1,0,1,0,44,2593,65,0,2815
283,3,0.0528303,0.0525115,0.000177134,rotate,1,0,1,0,43,2536,65,0,2775
284,4,0.0528346,0.0525115,0.000177023,rotate,1,1,1,0,26,2555,66,0,2772
285,5,0.0528312,0.0525115,0.000176913,move,1,0,1,0,29,2572,66,0,2836
286,6,0.0528777,0.0525115,0.000176804,rotate,0,0,1,0,28,2559,66,0,2992
287,7,0.0528777,0.0525115,0.000176695,rotate,1,1,1,0,40,2549,72,0,2757
288,8,0.0528037,0.0525115,0.000176586,swap_strokes,1,1,1,0,1,2559,65,0,2747
289,9,0.0527983,0.0525115,0.000176478,rotate,1,1,1,0,28,2558,66,0,2771
290,10,0.0527959,0.0525115,0.000176371,rotate,1,1,1,0,22,2631,67,0,2908
291,11,0.0525951,0.0525115,0.000176264,move,1,1,1,0,22,2631,67,0,2901
292,12,0.0525869,0.0525115,0.000176157,move,1,0,1,0,24,2579,66,0,2824
293,13,0.0525902,0.0525115,0.000176051,rotate,1,1,1,0,25,2659,66,0,3079
294,0,0.0523018,0.0523018,0.000175945,change_color,1,1,1,0,2,2580,66,0,3010
295,0,0.0523014,0.0523014,0.00017584,move,1,0,1,0,33,2573,66,0,2860
296,1,0.0523426,0.0523014,0.000175736,swap_strokes,0,0,1,0,1,2581,66,0,2950
297,2,0.0523426,0.0523014,0.000175632,rotate,0,0,1,0,39,2574,66,0,2874
298,3,0.0523426,0.0523014,0.000175528,rotate,1,1,1,0,21,2588,66,0,2774
299,4,0.0523412,0.0523014,0.000175425,rotate,0,1,1,0,35,2588,66,0,2982
300,5,0.0523412,0.0523014,0.000175322,resize,1,0,1,0,16,2570,67,0,2755
301,6,0.0523766,0.0523014,0.00017522,move,0,0,1,0,23,2558,65,0,2896
302,7,0.0523766,0.0523014,0.000175118,change_color,1,1,1,0,1,2558,66,0,2706
303,8,0.0523734,0.0523014,0.000175017,move,1,0,1,0,35,2620,66,0,2821
304,9,0.0523782,0.0523014,0.000174916,move,0,0,1,0,40,2621,66,0,3116
305,10,0.0523782,0.0523014,0.000174816,change_color,1,0,1,0,1,2601,67,0,2766
306,11,0.0524061,0.0523014,0.000174716,change_color,1,0,1,0,1,2566,66,0,2828
307,12,0.0524069,0.0523014,0.000174616,rotate,1,1,1,0,24,2908,66,0,3204
308,13,0.0524069,0.0523014,0.000174517,rotate,1,1,1,0,38,2652,66,0,3180
309,0,0.0521066,0.0521066,0.000174418,resize,0,1,1,0,29,2701,66,0,3137
310,1,0.0521066,0.0521066,0.00017432,move,1,0,1,0,20,2613,77,0,2798
311,2,0.0521069,0.0521066,0.000174222,move,0,0,1,0,30,2596,71,0,3018
312,3,0.0521069,0.0521066,0.000174125,move,1,0,1,0,27,2797,66,0,3005
313,4,0.0521088,0.0521066,0.000174028,resize,1,1,1,0,26,2609,67,0,2885
314,5,0.0521077,0.0521066,0.000173931,move,1,1,1,0,32,2585,67,0,3020
315,0,0.0520317,0.0520317,0.000173835,move,1,0,1,0,25,2596,67,0,2863
316,1,0.0520427,0.0520317,0.00017374,resize,1,0,1,0,15,2829,74,0,3073
317,2,0.0520442,0.0520317,0.000173644,resize,1,0,1,0,34,2671,67,0,2965
318,3,0.0520475,0.0520317,0.000173549,move,0,0,1,0,34,2606,66,0,3041
319,4,0.0520475,0.0520317,0.000173455,change_color,1,1,1,0,1,2564,66,0,2729
320,5,0.0520381,0.0520317,0.000173361,move,1,0,1,0,30,2587,66,0,2784
321,6,0.0520461,0.0520317,0.000173267,move,1,1,1,0,24,2828,66,0,3026
322,7,0.0520454,0.0520317,0.000173174,swap_strokes,0,1,1,0,2,2657,66,0,3007
323,8,0.0520454,0.0520317,0.000173081,move,1,1,1,0,29,2628,66,0,3001
324,0,0.0519583,0.0519583,0.000172988,resize,1,1,1,0,49,2572,66,0,3014
325,0,0.0518897,0.0518897,0.000172896,rotate,0,1,1,0,40,3196,102,0,3794
326,1,0.0518897,0.0518897,0.000172804,resize,1,1,1,0,85,2928,66,0,3483
327,0,0.0515826,0.0515826,0.000172713,rotate,1,1,1,0,17,2601,68,0,3173
328,0,0.0515777,0.0515777,0.000172622,rotate,0,1,1,0,32,2580,66,0,3033
329,1,0.0515777,0.0515777,0.000172531,rotate,1,1,1,0,36,2868,66,0,3329
330,0,0.0515386,0.0515386,0.000172441,move,0,1,1,0,44,2715,66,0,3326
331,1,0.0515386,0.0515386,0.000172351,resize,1,0,1,0,27,3266,98,0,3531
332,2,0.0515386,0.0515386,0.000172261,rotate,1,0,1,0,32,3351,73,0,3728
333,3,0.0515409,0.0515386,0.000172172,swap_strokes,1,1,1,0,1,2600,66,0,3018
334,0,0.0515016,0.0515016,0.000172083,resize,1,0,1,0,51,2580,66,0,2884
335,1,0.051502,0.0515016,0.000171995,change_color,1,1,1,0,1,2595,66,0,2771
336,2,0.051502,0.0515016,0.000171907,resize,1,1,1,0,28,2571,66,0,2905
337,0,0.0514991,0.0514991,0.000171819,resize,1,0,1,0,18,2592,67,0,2756
338,1,0.0515483,0.0514991,0.000171731,move,1,0,1,0,16,2590,67,0,2749
339,2,0.051552,0.0514991,0.000171644,rotate,1,0,1,0,34,2582,66,0,2766
340,3,0.0515535,0.0514991,0.000171558,move,1,0,1,0,11,2581,66,0,2738
341,4,0.0515555,0.0514991,0.000171471,rotate,1,1,1,0,42,2559,66,0,2739
342,5,0.0515545,0.0514991,0.000171385,move,0,1,1,0,24,2773,70,0,3013
343,6,0.0515545,0.0514991,0.000171299,move,1,1,1,0,33,2577,73,0,2755
344,7,0.0515148,0.0514991,0.000171214,rotate,1,1,1,0,17,2597,65,0,2760
345,8,0.0515143,0.0514991,0.000171129,move,0,1,1,0,36,2544,65,0,2803
346,9,0.0515143,0.0514991,0.000171044,resize,1,1,1,0,28,2577,65,0,2742
347,10,0.0515142,0.0514991,0.00017096,swap_strokes,1,0,1,0,1,2809,65,0,2949
348,11,0.0515142,0.0514991,0.000170876,move,1,1,1,0,59,2591,74,0,2971
349,0,0.0514178,0.0514178,0.000170792,swap_strokes,1,0,1,0,1,2575,65,0,2736
350,1,0.051539,0.0514178,0.000170709,resize,1,1,1,0,52,2599,85,0,2811
351,2,0.0515124,0.0514178,0.000170626,change_color,1,0,1,0,1,2994,65,0,3141
352,3,0.0515409,0.0514178,0.000170543,move,1,0,1,0,32,2584,65,0,2766
353,4,0.0515409,0.0514178,0.00017046,move,0,0,1,0,39,2705,77,0,3011
354,5,0.0515409,0.0514178,0.000170378,rotate,1,0,1,0,42,2544,65,0,2730
355,6,0.0515448,0.0514178,0.000170296,swap_strokes,0,0,1,0,1,2567,66,0,2780
356,7,0.0515448,0.0514178,0.000170215,rotate,0,0,1,0,31,2600,65,0,2843
357,8,0.0515448,0.0514178,0.000170134,resize,0,0,1,0,27,2562,75,0,2825
358,9,0.0515448,0.0514178,0.000170053,resize,1,0,1,0,15,2621,65,0,2790
359,10,0.0515448,0.0514178,0.000169972,rotate,1,0,1,0,34,2556,65,0,2748
360,11,0.0515696,0.0514178,0.000169892,resize,1,0,1,0,19,2564,66,0,2732
361,12,0.0516058,0.0514178,0.000169812,swap_strokes,1,1,1,0,1,2563,65,0,2708
362,13,0.0516049,0.0514178,0.000169732,change_color,0,1,1,0,1,2591,65,0,2831
363,14,0.0516049,0.0514178,0.000169652,swap_strokes,1,1,1,0,1,2551,66,0,2851
364,0,0.0512042,0.0512042,0.000169573,change_color,1,0,1,0,1,2556,65,0,2697
365,1,0.0512077,0.0512042,0.000169494,rotate,0,0,1,0,37,2570,65,0,2816
366,2,0.0512077,0.0512042,0.000169416,move,1,1,1,0,39,2602,66,0,2782
367,3,0.0512075,0.0512042,0.000169338,move,0,1,1,0,29,2562,66,0,2852
368,4,0.0512075,0.0512042,0.00016926,rotate,1,0,1,0,35,2566,65,0,2747
369,5,0.0512091,0.0512042,0.000169182,move,0,0,1,0,37,2554,66,0,2802
370,6,0.0512091,0.0512042,0.000169105,move,0,0,1,0,25,2571,65,0,2812
371,7,0.0512091,0.0512042,0.000169027,rotate,0,0,1,0,26,2554,80,0,2825
372,8,0.0512091,0.0512042,0.000168951,rotate,1,0,1,0,17,2584,65,0,2745
373,9,0.05121,0.0512042,0.000168874,move,1,1,1,0,35,2550,66,0,2887
374,0,0.0509537,0.0509537,0.000168798,resize,1,1,1,0,28,2564,65,0,2821
375,0,0.0509537,0.0509537,0.000168722,move,1,0,1,0,34,2554,65,0,2727
376,1,0.0509574,0.0509537,0.000168646,resize,1,1,1,0,32,2570,65,0,2861
377,0,0.0509513,0.0509513,0.00016857,resize,1,0,1,0,44,2573,65,0,2777
378,1,0.0510057,0.0509513,0.000168495,move,1,1,1,0,18,2535,65,0,2700
379,2,0.0510033,0.0509513,0.00016842,move,1,0,1,0,10,2566,65,0,2712
380,3,0.0510058,0.0509513,0.000168345,swap_strokes,0,0,1,0,2,2559,66,0,2769
381,4,0.0510058,0.0509513,0.000168271,resize,1,0,1,0,21,2621,65,0,2781
382,5,0.0510058,0.0509513,0.000168197,change_color,1,0,1,0,1,2554,65,0,2720
383,6,0.0510247,0.0509513,0.000168123,swap_strokes,1,0,1,0,1,2551,65,0,2698
384,7,0.051026,0.0509513,0.000168049,resize,1,0,1,0,46,2541,65,0,2743
385,8,0.0514039,0.0509513,0.000167976,move,1,1,1,0,33,2562,65,0,2740
386,9,0.0512866,0.0509513,0.000167903,move,1,0,1,0,33,2581,66,0,2761
387,10,0.0515054,0.0509513,0.00016783,swap_strokes,1,0,1,0,1,2612,65,0,2803
388,11,0.0517027,0.0509513,0.000167757,rotate,1,0,1,0,20,2559,65,0,2808
389,12,0.0517037,0.0509513,0.000167685,move,1,0,1,0,32,2552,70,0,2771
390,13,0.0518043,0.0509513,0.000167612,move,0,0,1,0,13,2550,65,0,2819
391,14,0.0518043,0.0509513,0.00016754,rotate,1,1,1,0,16,2570,65,0,2730
392,15,0.0518037,0.0509513,0.000167469,move,1,0,1,0,15,2543,65,0,2713
393,16,0.0518048,0.0509513,0.000167397,move,0,0,1,0,23,2544,81,0,2794
394,17,0.0518048,0.0509513,0.000167326,swap_strokes,0,0,1,0,1,2549,65,0,2762
395,18,0.0518048,0.0509513,0.000167255,resize,1,1,1,0,27,2593,65,0,2773
396,19,0.0517968,0.0509513,0.000167185,move,0,1,1,0,19,2602,65,0,2870
397,20,0.0517968,0.0509513,0.000167114,change_color,1,0,1,0,1,2552,65,0,2699
398,21,0.0518197,0.0509513,0.000167044,move,0,0,1,0,42,2537,65,0,2789
399,22,0.0518197,0.0509513,0.000166974,resize,0,0,1,0,38,2551,65,0,2799
400,23,0.0518197,0.0509513,0.000166904,move,1,1,1,0,15,2564,65,0,2734
401,24,0.0518176,0.0509513,0.000166835,rotate,0,1,1,0,33,2584,65,0,2854
402,25,0.0518176,0.0509513,0.000166765,swap_strokes,1,1,1,0,1,2586,65,0,2725
403,26,0.051793,0.0509513,0.000166696,move,1,1,1,0,21,2553,65,0,2709
404,27,0.0517893,0.0509513,0.000166627,resize,0,1,1,0,21,2560,66,0,2790
405,28,0.0517893,0.0509513,0.000166559,resize,0,1,1,0,26,2550,65,0,2790
406,29,0.0517893,0.0509513,0.00016649,resize,1,0,1,0,26,2545,65,0,2709
407,30,0.05179,0.0509513,0.000166422,rotate,1,1,1,0,24,2538,66,0,2699
408,31,0.0515085,0.0509513,0.000166354,move,1,0,1,0,17,2539,65,0,2691
409,32,0.0515848,0.0509513,0.000166287,resize,1,1,1,0,30,2540,65,0,2705
410,33,0.051003,0.0509513,0.000166219,move,1,0,1,0,17,2553,65,0,2707
411,34,0.0510067,0.0509513,0.000166152,move,0,0,1,0,33,2536,65,0,2788
412,35,0.0510067,0.0509513,0.000166085,resize,1,0,1,0,50,2591,66,0,2780
413,36,0.0510067,0.0509513,0.000166018,resize,1,0,1,0,14,2541,65,0,2698
414,37,0.0510395,0.0509513,0.000165951,move,1,0,1,0,22,2537,65,0,2695
415,38,0.0510398,0.0509513,0.000165885,move,0,0,1,0,33,2541,66,0,2798
416,39,0.0510398,0.0509513,0.000165819,move,1,0,1,0,33,2580,65,0,2752
417,40,0.0510966,0.0509513,0.000165753,swap_strokes,1,1,1,0,1,2540,65,0,2679
418,41,0.051093,0.0509513,0.000165687,move,0,1,1,0,16,2535,65,0,2758
419,42,0.051093,0.0509513,0.000165621,move,1,0,1,0,26,2535,65,0,2704
420,43,0.051093,0.0509513,0.000165556,resize,1,1,1,0,18,2546,65,0,2702
421,44,0.0510913,0.0509513,0.000165491,resize,1,1,1,0,15,2538,70,0,2704
422,45,0.0510807,0.0509513,0.000165426,move,1,1,1,0,15,2573,65,0,2726
423,46,0.0509835,0.0509513,0.000165361,resize,0,1,1,0,24,2544,65,0,2775
424,47,0.0509835,0.0509513,0.000165297,resize,1,0,1,0,50,2542,65,0,2730
425,48,0.0509835,0.0509513,0.000165232,resize,1,0,1,0,41,2552,77,0,2770
426,49,0.0509835,0.0509513,0.000165168,move,0,0,1,0,27,2546,65,0,2927
427,50,0.0509835,0.0509513,0.000165104,rotate,1,1,1,0,15,2580,66,0,2748
428,51,0.0509671,0.0509513,0.00016504,move,1,0,1,0,29,2559,65,0,2735
429,52,0.0509894,0.0509513,0.000164977,rotate,1,1,1,0,17,2543,66,0,2703
430,53,0.0509893,0.0509513,0.000164914,move,0,1,1,0,25,2534,67,0,2797
431,54,0.0509893,0.0509513,0.00016485,rotate,1,0,1,0,35,2810,65,0,3023
432,55,0.0510987,0.0509513,0.000164787,resize,1,0,1,0,15,2549,65,0,2765
433,56,0.0511012,0.0509513,0.000164725,resize,1,1,1,0,24,2551,65,0,2925
434,0,0.0506694,0.0506694,0.000164662,move,0,1,1,0,25,2553,65,0,2898
435,1,0.0506694,0.0506694,0.0001646,rotate,1,1,1,0,17,2559,65,0,2879
436,0,0.0506689,0.0506689,0.000164537,move,1,1,1,0,31,2548,65,0,2843
437,0,0.0506642,0.0506642,0.000164475,resize,1,0,1,0,31,2537,89,0,2738
438,1,0.0506642,0.0506642,0.000164414,swap_strokes,1,1,1,0,1,2537,65,0,2794
439,0,0.0506281,0.0506281,0.000164352,move,0,1,1,0,27,2549,65,0,2818
440,1,0.0506281,0.0506281,0.000164291,move,1,1,1,0,26,2597,65,0,2869
441,0,0.0505988,0.0505988,0.000164229,change_color,1,0,1,0,1,2552,65,0,2694
442,1,0.0506373,0.0505988,0.000164168,move,1,1,1,0,26,2535,65,0,2697
443,2,0.0506372,0.0505988,0.000164107,move,1,0,1,0,25,2596,65,0,2765
444,3,0.0507957,0.0505988,0.000164047,swap_strokes,0,0,1,0,1,2541,65,0,2798
445,4,0.0507957,0.0505988,0.000163986,rotate,1,0,1,0,27,2571,65,0,2743
446,5,0.050796,0.0505988,0.000163926,move,1,0,1,0,16,2538,65,0,2691
447,6,0.0507971,0.0505988,0.000163866,resize,1,1,1,0,36,2548,65,0,2724
448,7,0.0507967,0.0505988,0.000163806,swap_strokes,1,1,1,0,0,2544,65,0,2854
449,0,0.0504867,0.0504867,0.000163746,swap_strokes,1,1,1,0,0,2560,66,0,2858
450,0,0.0500684,0.0500684,0.000163686,resize,1,1,1,0,13,2566,65,0,2816
451,0,0.0500572,0.0500572,0.000163627,move,0,1,1,0,18,2547,66,0,2782
452,1,0.0500572,0.0500572,0.000163568,change_color,0,1,1,0,1,2558,65,0,2768
453,2,0.0500572,0.0500572,0.000163508,move,1,0,1,0,21,2558,65,0,2719
454,3,0.0501241,0.0500572,0.00016345,rotate,1,1,1,0,20,2554,65,0,2721
455,4,0.0501227,0.0500572,0.000163391,rotate,0,1,1,0,28,2551,65,0,2793
456,5,0.0501227,0.0500572,0.000163332,move,1,1,1,0,31,2548,65,0,2717
457,6,0.0500846,0.0500572,0.000163274,swap_strokes,1,1,1,0,1,2543,65,0,2800
458,0,0.0499561,0.0499561,0.000163216,swap_strokes,0,1,1,0,0,2653,65,0,2900
459,1,0.0499561,0.0499561,0.000163157,rotate,1,0,1,0,17,2603,66,0,2776
460,2,0.049971,0.0499561,0.0001631,resize,1,0,1,0,23,2545,65,0,2717
461,3,0.0499717,0.0499561,0.000163042,move,1,0,1,0,17,2545,65,0,2705
462,4,0.0499791,0.0499561,0.000162984,rotate,1,0,1,0,43,2579,66,0,2760
463,5,0.0500579,0.0499561,0.000162927,resize,1,0,1,0,26,2579,65,0,2744
464,6,0.0500617,0.0499561,0.00016287,change_color,1,1,1,0,1,2553,65,0,2713
465,7,0.0500617,0.0499561,0.000162812,rotate,0,1,1,0,45,2559,66,0,2841
466,8,0.0500617,0.0499561,0.000162756,resize,1,1,1,0,33,2554,65,0,2724
467,9,0.0500489,0.0499561,0.000162699,rotate,0,1,1,0,17,2584,66,0,2820
468,10,0.0500489,0.0499561,0.000162642,rotate,1,0,1,0,20,2586,65,0,2762
469,11,0.0500543,0.0499561,0.000162586,swap_strokes,0,0,1,0,1,2561,65,0,2778
470,12,0.0500543,0.0499561,0.000162529,move,1,1,1,0,55,2538,65,0,2730
471,13,0.0500523,0.0499561,0.000162473,resize,1,1,1,0,10,2552,65,0,2697
472,14,0.0500522,0.0499561,0.000162417,move,1,1,1,0,18,2553,70,0,2716
473,15,0.0500446,0.0499561,0.000162362,move,0,1,1,0,27,2584,65,0,2878
474,16,0.0500446,0.0499561,0.000162306,rotate,1,1,1,0,31,2568,65,0,2744
475,17,0.0500418,0.0499561,0.00016225,resize,1,0,1,0,39,2538,65,0,2714
476,18,0.0500419,0.0499561,0.000162195,move,1,0,1,0,21,2572,65,0,2728
477,19,0.0500835,0.0499561,0.00016214,rotate,1,0,1,0,12,2545,65,0,2695
478,20,0.0500835,0.0499561,0.000162085,swap_strokes,1,0,1,0,1,2574,65,0,2725
479,21,0.0500904,0.0499561,0.00016203,swap_strokes,1,1,1,0,1,2556,65,0,2698
480,22,0.0500457,0.0499561,0.000161975,move,1,0,1,0,36,2541,66,0,2715
481,23,0.0500457,0.0499561,0.000161921,resize,1,1,1,0,22,2539,65,0,2709
482,24,0.0500452,0.0499561,0.000161866,rotate,1,0,1,0,35,2550,65,0,2725
483,25,0.0500562,0.0499561,0.000161812,rotate,1,0,1,0,14,2544,65,0,2708
484,26,0.0500599,0.0499561,0.000161758,move,0,0,1,0,27,2535,65,0,2776
485,27,0.0500599,0.0499561,0.000161704,move,1,0,1,0,29,2538,65,0,2705
486,28,0.0500629,0.0499561,0.00016165,rotate,1,0,1,0,24,2540,65,0,2700
487,29,0.0500629,0.0499561,0.000161596,move,0,0,1,0,31,2543,65,0,2793
488,30,0.0500629,0.0499561,0.000161543,move,0,0,1,0,30,2571,74,0,2845
489,31,0.0500629,0.0499561,0.000161489,move,1,1,1,0,38,2599,65,0,2814
490,32,0.0499718,0.0499561,0.000161436,rotate,1,1,1,0,32,2556,65,0,2727
491,33,0.0499707,0.0499561,0.000161383,rotate,1,0,1,0,27,2567,65,0,2730
492,34,0.049971,0.0499561,0.00016133,move,1,1,1,0,27,2545,66,0,2882
493,0,0.0499016,0.0499016,0.000161277,rotate,1,0,1,0,27,2555,65,0,2751
494,1,0.0499016,0.0499016,0.000161224,move,1,0,1,0,34,2568,65,0,2742
495,2,0.0499108,0.0499016,0.000161172,move,0,0,1,0,23,2544,66,0,2775
496,3,0.0499108,0.0499016,0.000161119,move,0,0,1,0,28,2537,77,0,2803
497,4,0.0499108,0.0499016,0.000161067,swap_strokes,0,0,1,0,1,2542,66,0,2784
498,5,0.0499108,0.0499016,0.000161015,move,1,0,1,0,26,2535,66,0,2707
499,6,0.0499113,0.0499016,0.000160963,change_color,1,0,1,0,0,2550,65,0,2686
500,7,0.0499171,0.0499016,0.000160911,swap_strokes,0,0,1,0,1,2554,71,0,2788
501,8,0.0499171,0.0499016,0.000160859,rotate,1,1,1,0,21,2544,66,0,2903
502,0,0.0496865,0.0496865,0.000160808,move,1,0,1,0,30,2535,65,0,2744
503,1,0.0496967,0.0496865,0.000160756,resize,1,0,1,0,24,2602,66,0,2770
504,2,0.0496967,0.0496865,0.000160705,rotate,1,0,1,0,30,2620,65,0,2793
505,3,0.0498486,0.0496865,0.000160654,move,0,0,1,0,40,2555,65,0,2903
506,4,0.0498486,0.0496865,0.000160603,move,1,1,1,0,15,2545,65,0,2702
507,5,0.0497621,0.0496865,0.000160552,move,0,1,1,0,22,2590,65,0,2836
508,6,0.0497621,0.0496865,0.000160501,rotate,1,1,1,0,24,2564,65,0,2726
509,7,0.0497515,0.0496865,0.000160451,rotate,1,1,1,0,20,2538,65,0,2695
510,8,0.0497514,0.0496865,0.0001604,move,0,1,1,0,26,2549,66,0,2787
511,9,0.0497514,0.0496865,0.00016035,swap_strokes,1,0,1,0,1,2536,65,0,2675
512,10,0.0498087,0.0496865,0.000160299,resize,1,1,1,0,37,2561,65,0,2742
513,11,0.0498063,0.0496865,0.000160249,swap_strokes,0,1,1,0,0,2539,65,0,2751
514,12,0.0498063,0.0496865,0.000160199,swap_strokes,1,1,1,0,0,2549,67,0,2688
515,13,0.0497898,0.0496865,0.000160149,rotate,1,1,1,0,11,2563,65,0,2710
516,14,0.0497896,0.0496865,0.0001601,change_color,1,0,1,0,0,2563,65,0,2702
517,15,0.0498174,0.0496865,0.00016005,move,0,0,1,0,29,2547,76,0,2810
518,16,0.0498174,0.0496865,0.000160001,swap_strokes,0,0,1,0,0,2565,65,0,2779
519,17,0.0498174,0.0496865,0.000159951,resize,1,1,1,0,71,2548,65,0,2757
520,18,0.0498174,0.0496865,0.000159902,resize,0,1,1,0,30,2606,65,0,2853
521,19,0.0498174,0.0496865,0.000159853,change_color,1,0,1,0,1,2565,65,0,2704
522,20,0.0498175,0.0496865,0.000159804,move,1,0,1,0,30,2540,65,0,2720
523,21,0.0498184,0.0496865,0.000159755,rotate,1,0,1,0,26,2533,65,0,2702
524,22,0.0498282,0.0496865,0.000159706,resize,1,1,1,0,45,2560,66,0,2894
525,0,0.0495733,0.0495733,0.000159658,rotate,1,1,1,0,31,2548,66,0,2870
526,0,0.0495695,0.0495695,0.000159609,move,1,0,1,0,25,2557,65,0,2738
527,1,0.0495695,0.0495695,0.000159561,move,1,0,1,0,39,2555,65,0,2742
528,2,0.0496568,0.0495695,0.000159513,resize,1,1,1,0,12,2553,66,0,2705
529,3,0.0496567,0.0495695,0.000159465,rotate,1,0,1,0,13,2540,65,0,2689
530,4,0.0496589,0.0495695,0.000159416,resize,1,0,1,0,42,2550,79,0,2749
531,5,0.0496589,0.0495695,0.000159369,resize,0,0,1,0,54,2575,66,0,2858
532,6,0.0496589,0.0495695,0.000159321,move,0,0,1,0,28,2574,65,0,2837
533,7,0.0496589,0.0495695,0.000159273,move,1,0,1,0,52,2776,66,0,2977
534,8,0.0497243,0.0495695,0.000159226,move,0,0,1,0,30,2545,65,0,2811
535,9,0.0497243,0.0495695,0.000159178,move,0,0,1,0,23,2584,65,0,2843
536,10,0.0497243,0.0495695,0.000159131,resize,1,0,1,0,33,2570,66,0,2755
537,11,0.0497243,0.0495695,0.000159084,move,1,0,1,0,29,2560,65,0,2729
538,12,0.0498012,0.0495695,0.000159037,rotate,0,0,1,0,24,2582,65,0,2815
539,13,0.0498012,0.0495695,0.00015899,move,0,0,1,0,28,2584,65,0,2826
540,14,0.0498012,0.0495695,0.000158943,resize,1,0,1,0,22,2574,65,0,2735
541,15,0.0498481,0.0495695,0.000158896,rotate,1,0,1,0,21,2573,76,0,2752
542,16,0.0498486,0.0495695,0.00015885,move,1,0,1,0,26,2544,65,0,2744
543,17,0.0498963,0.0495695,0.000158803,rotate,1,0,1,0,14,2541,66,0,2692
544,18,0.049897,0.0495695,0.000158757,move,1,1,1,0,20,2563,65,0,2719
545,19,0.0498907,0.0495695,0.00015871,rotate,1,1,1,0,27,2546,65,0,2712
546,20,0.0497189,0.0495695,0.000158664,move,0,1,1,0,27,2554,71,0,2819
547,21,0.0497189,0.0495695,0.000158618,resize,1,1,1,0,57,2562,65,0,2778
548,22,0.0497176,0.0495695,0.000158572,move,1,1,1,0,17,2553,65,0,2706
549,23,0.0497158,0.0495695,0.000158526,rotate,1,0,1,0,56,2571,67,0,2765
550,24,0.0497189,0.0495695,0.000158481,resize,1,1,1,0,44,2558,65,0,2991
551,0,0.0492788,0.0492788,0.000158435,rotate,1,0,1,0,38,2569,65,0,2822
552,1,0.049279,0.0492788,0.00015839,move,1,1,1,0,18,2541,65,0,2814
553,0,0.0492359,0.0492359,0.000158344,swap_strokes,1,0,1,0,1,2543,65,0,2685
554,1,0.0492915,0.0492359,0.000158299,move,1,1,1,0,25,2541,70,0,2727
555,2,0.0492741,0.0492359,0.000158254,move,1,1,1,0,35,2539,65,0,2863
556,0,0.0491948,0.0491948,0.000158209,move,0,1,1,0,42,2553,65,0,2812
557,1,0.0491948,0.0491948,0.000158164,swap_strokes,1,0,1,0,1,2557,65,0,2696
558,2,0.0491948,0.0491948,0.000158119,move,1,1,1,0,31,2543,65,0,2807
559,0,0.0489291,0.0489291,0.000158074,move,1,1,1,0,13,2554,65,0,2825
560,0,0.0489262,0.0489262,0.000158029,resize,1,0,1,0,17,2543,65,0,2726
561,1,0.0489264,0.0489262,0.000157985,resize,1,0,1,0,21,2617,65,0,2786
562,2,0.0489283,0.0489262,0.00015794,swap_strokes,1,0,1,0,1,2542,66,0,2685
563,3,0.0489322,0.0489262,0.000157896,move,1,1,1,0,30,2552,66,0,2845
564,0,0.0489211,0.0489211,0.000157852,change_color,1,0,1,0,1,2570,65,0,2713
565,1,0.0489432,0.0489211,0.000157808,rotate,1,1,1,0,50,2560,66,0,2767
566,2,0.0489422,0.0489211,0.000157764,move,1,1,1,0,16,2608,65,0,2902
567,0,0.0489204,0.0489204,0.00015772,resize,1,1,1,0,47,2561,65,0,2836
568,0,0.0488201,0.0488201,0.000157676,rotate,1,1,1,0,17,2538,81,0,2787
569,0,0.04882,0.04882,0.000157632,rotate,0,1,1,0,24,2545,66,0,2822
570,1,0.04882,0.04882,0.000157589,change_color,1,0,1,0,1,2551,65,0,2699
571,2,0.048821,0.04882,0.000157545,rotate,1,0,1,0,33,2554,65,0,2752
572,3,0.0488213,0.04882,0.000157502,move,1,1,1,0,27,2563,65,0,2892
573,0,0.0487967,0.0487967,0.000157458,rotate,0,1,1,0,40,2538,76,0,2825
574,1,0.0487967,0.0487967,0.000157415,rotate,